{
    "id": "ziye.app.sub",
    "name": "ziye 脚本订阅",
    "author": "@ZIYE",
    "icon": "https://raw.githubusercontent.com/6Svip120apk69/gitee_q8qsTAUA_cThxc1RBVUE/main/ziye.png",
    "repo": "https://github.com/6Svip120apk69",
    "apps": [{
            "id": "qczjspeed",
            "name": "汽车之家极速版",
            "keys": ["GetUserInfoheader", "taskbody", "activitybody", "addCoinbody", "addCoin2body", "GetUserInfoheader2", "taskbody2", "activitybody2", "addCoinbody2", "addCoin2body2", "GetUserInfoheader3", "taskbody3", "activitybody3", "addCoinbody3", "addCoin2body3", "GetUserInfoheader4", "taskbody4", "activitybody4", "addCoinbody4", "addCoin2body4", "GetUserInfoheader5", "taskbody5", "activitybody5", "addCoinbody5", "addCoin2body5", "GetUserInfoheader6", "taskbody6", "activitybody6", "addCoinbody6", "addCoin2body6", "GetUserInfoheader7", "taskbody7", "activitybody7", "addCoinbody7", "addCoin2body7", "GetUserInfoheader8", "taskbody8", "activitybody8", "addCoinbody8", "addCoin2body8", "GetUserInfoheader9", "taskbody9", "activitybody9", "addCoinbody9", "addCoin2body9", "GetUserInfoheader10", "taskbody10", "activitybody10", "addCoinbody10", "addCoin2body10", "GetUserInfoheader11", "taskbody11", "activitybody11", "addCoinbody11", "addCoin2body11", "GetUserInfoheader12", "taskbody12", "activitybody12", "addCoinbody12", "addCoin2body12", "GetUserInfoheader13", "taskbody13", "activitybody13", "addCoinbody13", "addCoin2body13", "GetUserInfoheader14", "taskbody14", "activitybody14", "addCoinbody14", "addCoin2body14", "GetUserInfoheader15", "taskbody15", "activitybody15", "addCoinbody15", "addCoin2body15", "GetUserInfoheader16", "taskbody16", "activitybody16", "addCoinbody16", "addCoin2body16", "GetUserInfoheader17", "taskbody17", "activitybody17", "addCoinbody17", "addCoin2body17", "GetUserInfoheader18", "taskbody18", "activitybody18", "addCoinbody18", "addCoin2body18", "GetUserInfoheader19", "taskbody19", "activitybody19", "addCoinbody19", "addCoin2body19", "GetUserInfoheader20", "taskbody20", "activitybody20", "addCoinbody20", "addCoin2body20"],
            "author": "@ziye",
            "settings": [{
                    "id": "qczjSuffix",
                    "name": "当前账号",
                    "val": "1",
                    "type": "number",
                    "desc": "当前抓取ck记录的账号序号，如：1、2、4、"
                },
                {
                    "id": "qczjCount",
                    "name": "账号个数",
                    "val": "1",
                    "type": "number",
                    "desc": "指定任务最多跑几个账号，根据抓取的账号数据个数来设值"
                },
                {
                    "id": "qczjCASH",
                    "name": "提现标准",
                    "val": "0",
                    "type": "number",
                    "desc": "0不提现，可设置0 0.5 2 5 10 20 "
                },
                {
                    "id": "qczjCASHTIME",
                    "name": "提现时间",
                    "val": "0",
                    "type": "number",
                    "desc": "默认0点后提现，可设置 0 ~ 23  "
                }
            ],
            "repo": "https://raw.githubusercontent.com/6Svip120apk69/gitee_q8qsTAUA_cThxc1RBVUE/main/Task/qczjspeed.js",
            "icons": ["https://raw.githubusercontent.com/Orz-3/task/master/qczj.png", "https://raw.githubusercontent.com/Orz-3/task/master/qczj.png"],
            "script": "https://raw.githubusercontent.com/6Svip120apk69/gitee_q8qsTAUA_cThxc1RBVUE/main/Task/qczjspeed.js"
        },
        {
            "id": "xiaole",
            "name": "小乐",
            "keys": ["xiaoleurl", "xiaolehd", "xiaoleurl2", "xiaolehd2", "xiaoleurl3", "xiaolehd3", "xiaoleurl4", "xiaolehd4", "xiaoleurl5", "xiaolehd5", "xiaoleurl6", "xiaolehd6", "xiaoleurl7", "xiaolehd7", "xiaoleurl8", "xiaolehd8", "xiaoleurl9", "xiaolehd9", "xiaoleurl10", "xiaolehd10"],
            "author": "@ziye",
            "settings": [{
                    "id": "xlSuffix",
                    "name": "当前账号",
                    "val": "1",
                    "type": "number",
                    "desc": "当前抓取ck记录的账号序号，如：1、2、4、"
                },
                {
                    "id": "xlCount",
                    "name": "账号个数",
                    "val": "1",
                    "type": "number",
                    "desc": "指定任务最多跑几个账号，根据抓取的账号数据个数来设值"
                }
            ],
            "repo": "https://raw.githubusercontent.com/6Svip120apk69/gitee_q8qsTAUA_cThxc1RBVUE/main/Task/xiaole.js",
            "icons": ["https://raw.githubusercontent.com/6Svip120apk69/gitee_q8qsTAUA_cThxc1RBVUE/main/Task/xiaole.png", "https://raw.githubusercontent.com/6Svip120apk69/gitee_q8qsTAUA_cThxc1RBVUE/main/Task/xiaole.png"],
            "script": "https://raw.githubusercontent.com/6Svip120apk69/gitee_q8qsTAUA_cThxc1RBVUE/main/Task/xiaole.js"
        },
        {
            "id": "iboxpay",
            "name": "笑谱",
            "keys": ["refreshtoken", "iboxpayvideoheader", "iboxpayvideobody", "refreshtoken2", "iboxpayvideoheader2", "iboxpayvideobody2", "refreshtoken3", "iboxpayvideoheader3", "iboxpayvideobody3", "refreshtoken4", "iboxpayvideoheader4", "iboxpayvideobody4", "refreshtoken5", "iboxpayvideoheader5", "iboxpayvideobody5", "refreshtoken6", "iboxpayvideoheader6", "iboxpayvideobody6", "refreshtoken7", "iboxpayvideoheader7", "iboxpayvideobody7", "refreshtoken8", "iboxpayvideoheader8", "iboxpayvideobody8", "refreshtoken9", "iboxpayvideoheader9", "iboxpayvideobody9", "refreshtoken10", "iboxpayvideoheader10", "iboxpayvideobody10", "refreshtoken11", "iboxpayvideoheader11", "iboxpayvideobody11", "refreshtoken12", "iboxpayvideoheader12", "iboxpayvideobody12", "refreshtoken13", "iboxpayvideoheader13", "iboxpayvideobody13", "refreshtoken14", "iboxpayvideoheader14", "iboxpayvideobody14", "refreshtoken15", "iboxpayvideoheader15", "iboxpayvideobody15", "refreshtoken16", "iboxpayvideoheader16", "iboxpayvideobody16", "refreshtoken17", "iboxpayvideoheader17", "iboxpayvideobody17", "refreshtoken18", "iboxpayvideoheader18", "iboxpayvideobody18", "refreshtoken19", "iboxpayvideoheader19", "iboxpayvideobody19", "refreshtoken20", "iboxpayvideoheader20", "iboxpayvideobody20"],
            "author": "@ziye",
            "settings": [{
                    "id": "iboxpaySuffix",
                    "name": "当前账号",
                    "val": "1",
                    "type": "number",
                    "desc": "当前抓取ck记录的账号序号，如：1、2、4、"
                },
                {
                    "id": "iboxpayCount",
                    "name": "账号个数",
                    "val": "1",
                    "type": "number",
                    "desc": "指定任务最多跑几个账号，根据抓取的账号数据个数来设值"
                },
                {
                    "id": "iboxpayLIVE",
                    "name": "任务控制",
                    "val": "1",
                    "type": "number",
                    "desc": "默认为1开启直播，视频请获取ck，设置2关闭视频，新人请设置888"
                },
                {
                    "id": "iboxpayCASH",
                    "name": "提现标准",
                    "val": "0",
                    "type": "number",
                    "desc": "0不提现，可设置 0 1 15 30 100 888 设置888，由大至小循环提现 "
                },
                {
                    "id": "iboxpayphone",
                    "name": "手机号",
                    "val": "0",
                    "type": "number",
                    "desc": "请输入完整手机号"
                },
                {
                    "id": "iboxpaysms",
                    "name": "验证码",
                    "val": "0",
                    "type": "number",
                    "desc": "输入短信验证码，默认为0，不启动获取token功能"
                }
            ],
            "repo": "https://raw.githubusercontent.com/6Svip120apk69/gitee_q8qsTAUA_cThxc1RBVUE/main/Task/iboxpay.js",
            "icons": ["https://raw.githubusercontent.com/6Svip120apk69/gitee_q8qsTAUA_cThxc1RBVUE/main/Task/iboxpay.png", "https://raw.githubusercontent.com/6Svip120apk69/gitee_q8qsTAUA_cThxc1RBVUE/main/Task/iboxpay.png"],
            "script": "https://raw.githubusercontent.com/6Svip120apk69/gitee_q8qsTAUA_cThxc1RBVUE/main/Task/iboxpay.js"
        },
        {
            "id": "flw",
            "name": "返利网",
            "keys": ["flwurl", "flwheader", "flwspbody", "flwqwbody", "flwydbody", "flwurl2", "flwheader2", "flwspbody2", "flwqwbody2", "flwydbody2", "flwurl3", "flwheader3", "flwspbody3", "flwqwbody3", "flwydbody3", "flwurl4", "flwheader4", "flwspbody4", "flwqwbody4", "flwydbody4", "flwurl5", "flwheader5", "flwspbody5", "flwqwbody5", "flwydbody5", "flwurl6", "flwheader6", "flwspbody6", "flwqwbody6", "flwydbody6", "flwurl7", "flwheader7", "flwspbody7", "flwqwbody7", "flwydbody7", "flwurl8", "flwheader8", "flwspbody8", "flwqwbody8", "flwydbody8", "flwurl9", "flwheader9", "flwspbody9", "flwqwbody9", "flwydbody9", "flwurl10", "flwheader10", "flwspbody10", "flwqwbody10", "flwydbody10", "flwurl11", "flwheader11", "flwspbody11", "flwqwbody11", "flwydbody11", "flwurl12", "flwheader12", "flwspbody12", "flwqwbody12", "flwydbody12", "flwurl13", "flwheader13", "flwspbody13", "flwqwbody13", "flwydbody13", "flwurl14", "flwheader14", "flwspbody14", "flwqwbody14", "flwydbody14", "flwurl15", "flwheader15", "flwspbody15", "flwqwbody15", "flwydbody15", "flwurl16", "flwheader16", "flwspbody16", "flwqwbody16", "flwydbody16", "flwurl17", "flwheader17", "flwspbody17", "flwqwbody17", "flwydbody17", "flwurl18", "flwheader18", "flwspbody18", "flwqwbody18", "flwydbody18", "flwurl19", "flwheader19", "flwspbody19", "flwqwbody19", "flwydbody19", "flwurl20", "flwheader20", "flwspbody20", "flwqwbody20", "flwydbody20"],
            "author": "@ziye",
            "settings": [{
                    "id": "flwSuffix",
                    "name": "当前账号",
                    "val": "1",
                    "type": "number",
                    "desc": "当前抓取ck记录的账号序号，如：1、2、3、"
                },
                {
                    "id": "flwCount",
                    "name": "账号个数",
                    "val": "1",
                    "type": "number",
                    "desc": "指定任务最多跑几个账号，根据抓取的账号数据个数来设值"
                },
                {
                    "id": "flwCASH",
                    "name": "天天领现金提现标准",
                    "val": "0",
                    "type": "number",
                    "desc": "默认0，设置0.3及以上时启动天天领现金模块，且大于等于此值时自动提现"
                },
                {
                    "id": "flwDHCASH",
                    "name": "兑换标准",
                    "val": "0",
                    "type": "number",
                    "desc": "默认0，可设置设置 0 5 50 100"
                }
            ],
            "repo": "https://raw.githubusercontent.com/6Svip120apk69/gitee_q8qsTAUA_cThxc1RBVUE/main/Task/flw.js",
            "icons": ["https://raw.githubusercontent.com/6Svip120apk69/gitee_q8qsTAUA_cThxc1RBVUE/main/Task/flw.png", "https://raw.githubusercontent.com/6Svip120apk69/gitee_q8qsTAUA_cThxc1RBVUE/main/Task/flw.png"],
            "script": "https://raw.githubusercontent.com/6Svip120apk69/gitee_q8qsTAUA_cThxc1RBVUE/main/Task/flw.js"
        },
        {
            "id": "githubAC",
            "name": "githubAC",
            "keys": ["githubACname", "githubACurl", "githubACheader", "githubACbody", "HHA", "HHB", "HHC", "HHD", "HHE", "HHF", "HHG", "HHH", "HHI", "HHJ", "HHK", "HHL", "MMA", "MMB", "MMC", "MMD", "MME", "MMF", "MMG", "MMH", "MMI", "MMJ", "MMK", "MML", "githubACname2", "githubACurl2", "githubACheader2", "githubACbody2", "HHA2", "HHB2", "HHC2", "HHD2", "HHE2", "HHF2", "HHG2", "HHH2", "HHI2", "HHJ2", "HHK2", "HHL2", "MMA2", "MMB2", "MMC2", "MMD2", "MME2", "MMF2", "MMG2", "MMH2", "MMI2", "MMJ2", "MMK2", "MML2", "githubACname3", "githubACurl3", "githubACheader3", "githubACbody3", "HHA3", "HHB3", "HHC3", "HHD3", "HHE3", "HHF3", "HHG3", "HHH3", "HHI3", "HHJ3", "HHK3", "HHL3", "MMA3", "MMB3", "MMC3", "MMD3", "MME3", "MMF3", "MMG3", "MMH3", "MMI3", "MMJ3", "MMK3", "MML3", "githubACname4", "githubACurl4", "githubACheader4", "githubACbody4", "HHA4", "HHB4", "HHC4", "HHD4", "HHE4", "HHF4", "HHG4", "HHH4", "HHI4", "HHJ4", "HHK4", "HHL4", "MMA4", "MMB4", "MMC4", "MMD4", "MME4", "MMF4", "MMG4", "MMH4", "MMI4", "MMJ4", "MMK4", "MML4", "githubACname5", "githubACurl5", "githubACheader5", "githubACbody5", "HHA5", "HHB5", "HHC5", "HHD5", "HHE5", "HHF5", "HHG5", "HHH5", "HHI5", "HHJ5", "HHK5", "HHL5", "MMA5", "MMB5", "MMC5", "MMD5", "MME5", "MMF5", "MMG5", "MMH5", "MMI5", "MMJ5", "MMK5", "MML5", "githubACname6", "githubACurl6", "githubACheader6", "githubACbody6", "HHA6", "HHB6", "HHC6", "HHD6", "HHE6", "HHF6", "HHG6", "HHH6", "HHI6", "HHJ6", "HHK6", "HHL6", "MMA6", "MMB6", "MMC6", "MMD6", "MME6", "MMF6", "MMG6", "MMH6", "MMI6", "MMJ6", "MMK6", "MML6", "githubACname7", "githubACurl7", "githubACheader7", "githubACbody7", "HHA7", "HHB7", "HHC7", "HHD7", "HHE7", "HHF7", "HHG7", "HHH7", "HHI7", "HHJ7", "HHK7", "HHL7", "MMA7", "MMB7", "MMC7", "MMD7", "MME7", "MMF7", "MMG7", "MMH7", "MMI7", "MMJ7", "MMK7", "MML7", "githubACname8", "githubACurl8", "githubACheader8", "githubACbody8", "HHA8", "HHB8", "HHC8", "HHD8", "HHE8", "HHF8", "HHG8", "HHH8", "HHI8", "HHJ8", "HHK8", "HHL8", "MMA8", "MMB8", "MMC8", "MMD8", "MME8", "MMF8", "MMG8", "MMH8", "MMI8", "MMJ8", "MMK8", "MML8", "githubACname9", "githubACurl9", "githubACheader9", "githubACbody9", "HHA9", "HHB9", "HHC9", "HHD9", "HHE9", "HHF9", "HHG9", "HHH9", "HHI9", "HHJ9", "HHK9", "HHL9", "MMA9", "MMB9", "MMC9", "MMD9", "MME9", "MMF9", "MMG9", "MMH9", "MMI9", "MMJ9", "MMK9", "MML9", "githubACname10", "githubACurl10", "githubACheader10", "githubACbody10", "HHA10", "HHB10", "HHC10", "HHD10", "HHE10", "HHF10", "HHG10", "HHH10", "HHI10", "HHJ10", "HHK10", "HHL10", "MMA10", "MMB10", "MMC10", "MMD10", "MME10", "MMF10", "MMG10", "MMH10", "MMI10", "MMJ10", "MMK10", "MML10"],
            "author": "@ziye",
            "settings": [{
                    "id": "githubACSuffix",
                    "name": "当前js",
                    "val": "1",
                    "type": "number",
                    "desc": "当前抓取js  ck的账号序号，如：1、2、3、"
                },
                {
                    "id": "githubACCount",
                    "name": "js个数",
                    "val": "1",
                    "type": "number",
                    "desc": "指定任务最多跑几个js，根据抓取的js数据个数来设值"
                },
                {
                    "id": "githubACXXX",
                    "name": "即时触发",
                    "val": "0",
                    "type": "number",
                    "desc": "可设置0 不启动、js序号数 指定哪个js任务随githubAC运行而启动、 888 全部js启动"
                }
            ],
            "repo": "https://raw.githubusercontent.com/6Svip120apk69/gitee_q8qsTAUA_cThxc1RBVUE/main/Task/githubAC.js",
            "icons": ["https://github.githubassets.com/images/modules/site/home/astro-mona.jpg", "https://github.githubassets.com/images/modules/site/home/astro-mona.jpg"],
            "script": "https://raw.githubusercontent.com/6Svip120apk69/gitee_q8qsTAUA_cThxc1RBVUE/main/Task/githubAC.js"
        },
        {
            "id": "zhima",
            "name": "芝嫲视频",
            "keys": ["zhimabody", "zhimatxbody", "zhimabody2", "zhimatxbody2", "zhimabody3", "zhimatxbody3", "zhimabody4", "zhimatxbody4", "zhimabody5", "zhimatxbody5", "zhimabody6", "zhimatxbody6", "zhimabody7", "zhimatxbody7", "zhimabody8", "zhimatxbody8", "zhimabody9", "zhimatxbody9", "zhimabody10", "zhimatxbody10", "zhimabody11", "zhimatxbody11", "zhimabody12", "zhimatxbody12", "zhimabody13", "zhimatxbody13", "zhimabody14", "zhimatxbody14", "zhimabody15", "zhimatxbody15", "zhimabody16", "zhimatxbody16", "zhimabody17", "zhimatxbody17", "zhimabody18", "zhimatxbody18", "zhimabody19", "zhimatxbody19", "zhimabody20", "zhimatxbody20"],
            "author": "@ziye",
            "settings": [{
                    "id": "zhimaSuffix",
                    "name": "当前账号",
                    "val": "1",
                    "type": "number",
                    "desc": "当前抓取ck记录的账号序号，如：1、2、3、"
                },
                {
                    "id": "zhimaCount",
                    "name": "账号个数",
                    "val": "1",
                    "type": "number",
                    "desc": "指定任务最多跑几个账号，根据抓取的账号数据个数来设值"
                },
                {
                    "id": "zhimaCASH",
                    "name": "提现标准",
                    "val": "0",
                    "type": "number",
                    "desc": "0不提现，可设置 0 0.3 0.5 1 5 10 30 50 100 等"
                }
            ],
            "repo": "https://raw.githubusercontent.com/6Svip120apk69/gitee_q8qsTAUA_cThxc1RBVUE/main/Task/zhima.js",
            "icons": ["https://raw.githubusercontent.com/6Svip120apk69/gitee_q8qsTAUA_cThxc1RBVUE/main/Task/zhima.png", "https://raw.githubusercontent.com/6Svip120apk69/gitee_q8qsTAUA_cThxc1RBVUE/main/Task/zhima.png"],
            "script": "https://raw.githubusercontent.com/6Svip120apk69/gitee_q8qsTAUA_cThxc1RBVUE/main/Task/zhima.js"
        },
        {
            "id": "QQread",
            "name": "QQ阅读APP",
            "keys": ["QQreadurl", "QQreadurl2", "QQreadurl3", "QQreadurl4", "QQreadurl5", "QQreadurl6", "QQreadurl7", "QQreadurl8", "QQreadurl9", "QQreadurl10", "QQreadurl11", "QQreadurl12", "QQreadurl13", "QQreadurl14", "QQreadurl15", "QQreadurl16", "QQreadurl17", "QQreadurl18", "QQreadurl19", "QQreadurl20"],
            "author": "@ziye",
            "settings": [{
                    "id": "QQreadSuffix",
                    "name": "当前账号",
                    "val": "1",
                    "type": "number",
                    "desc": "当前抓取ck记录的账号序号，如：1、2、3、"
                },
                {
                    "id": "QQreadCount",
                    "name": "账号个数",
                    "val": "1",
                    "type": "number",
                    "desc": "指定任务最多跑几个账号，根据抓取的账号数据个数来设值"
                }
            ],
            "repo": "https://raw.githubusercontent.com/6Svip120apk69/gitee_q8qsTAUA_cThxc1RBVUE/main/Task/QQread.js",
            "icons": ["https://raw.githubusercontent.com/6Svip120apk69/gitee_q8qsTAUA_cThxc1RBVUE/main/Task/QQread.png", "https://raw.githubusercontent.com/6Svip120apk69/gitee_q8qsTAUA_cThxc1RBVUE/main/Task/QQread.png"],
            "script": "https://raw.githubusercontent.com/6Svip120apk69/gitee_q8qsTAUA_cThxc1RBVUE/main/Task/QQread.js"
        },
        {
            "id": "bububao",
            "name": "步步宝APP",
            "keys": ["bububaotoken", "bububaotoken2", "bububaotoken3", "bububaotoken4", "bububaotoken5", "bububaotoken6", "bububaotoken7", "bububaotoken8", "bububaotoken9", "bububaotoken10", "bububaotoken11", "bububaotoken12", "bububaotoken13", "bububaotoken14", "bububaotoken15", "bububaotoken16", "bububaotoken17", "bububaotoken18", "bububaotoken19", "bububaotoken20"],
            "author": "@ziye",
            "settings": [{
                    "id": "bububaoSuffix",
                    "name": "当前账号",
                    "val": "1",
                    "type": "number",
                    "desc": "当前抓取ck记录的账号序号，如：1、2、3、"
                },
                {
                    "id": "bububaoCount",
                    "name": "账号个数",
                    "val": "1",
                    "type": "number",
                    "desc": "指定任务最多跑几个账号，根据抓取的账号数据个数来设值"
                },
                {
                    "id": "bububaoCASH",
                    "name": "提现标准",
                    "val": "0",
                    "type": "number",
                    "desc": "0不提现，可设置 0 0.3 50 100 200 888  设置888由上至下循环提现 "
                }
            ],
            "repo": "https://raw.githubusercontent.com/6Svip120apk69/gitee_q8qsTAUA_cThxc1RBVUE/main/Task/bububao.js",
            "icons": ["https://raw.githubusercontent.com/6Svip120apk69/gitee_q8qsTAUA_cThxc1RBVUE/main/Task/bububao.png", "https://raw.githubusercontent.com/6Svip120apk69/gitee_q8qsTAUA_cThxc1RBVUE/main/Task/bububao.png"],
            "script": "https://raw.githubusercontent.com/6Svip120apk69/gitee_q8qsTAUA_cThxc1RBVUE/main/Task/bububao.js"
        },
        {
            "id": "yuedongzu",
            "name": "悦动族APP",
            "keys": ["yuedongzutoken", "yuedongzutoken2", "yuedongzutoken3", "yuedongzutoken4", "yuedongzutoken5", "yuedongzutoken6", "yuedongzutoken7", "yuedongzutoken8", "yuedongzutoken9", "yuedongzutoken10", "yuedongzutoken11", "yuedongzutoken12", "yuedongzutoken13", "yuedongzutoken14", "yuedongzutoken15", "yuedongzutoken16", "yuedongzutoken17", "yuedongzutoken18", "yuedongzutoken19", "yuedongzutoken20"],
            "author": "@ziye",
            "settings": [{
                    "id": "yuedongzuSuffix",
                    "name": "当前账号",
                    "val": "1",
                    "type": "number",
                    "desc": "当前抓取ck记录的账号序号，如：1、2、3、"
                },
                {
                    "id": "yuedongzuCount",
                    "name": "账号个数",
                    "val": "1",
                    "type": "number",
                    "desc": "指定任务最多跑几个账号，根据抓取的账号数据个数来设值"
                },
                {
                    "id": "yuedongzuCASH",
                    "name": "提现标准",
                    "val": "0",
                    "type": "number",
                    "desc": "0不提现，可设置 0 0.3 1 5 50 100 200 888  设置888由上至下循环提现 "
                }
            ],
            "repo": "https://raw.githubusercontent.com/6Svip120apk69/gitee_q8qsTAUA_cThxc1RBVUE/main/Task/yuedongzu.js",
            "icons": ["https://raw.githubusercontent.com/6Svip120apk69/gitee_q8qsTAUA_cThxc1RBVUE/main/Task/yuedongzu.png", "https://raw.githubusercontent.com/6Svip120apk69/gitee_q8qsTAUA_cThxc1RBVUE/main/Task/yuedongzu.png"],
            "script": "https://raw.githubusercontent.com/6Svip120apk69/gitee_q8qsTAUA_cThxc1RBVUE/main/Task/yuedongzu.js"
        },
        {
            "id": "qmyd",
            "name": "全民悦动APP",
            "keys": ["qmydtoken", "qmydtoken2", "qmydtoken3", "qmydtoken4", "qmydtoken5", "qmydtoken6", "qmydtoken7", "qmydtoken8", "qmydtoken9", "qmydtoken10", "qmydtoken11", "qmydtoken12", "qmydtoken13", "qmydtoken14", "qmydtoken15", "qmydtoken16", "qmydtoken17", "qmydtoken18", "qmydtoken19", "qmydtoken20"],
            "author": "@ziye",
            "settings": [{
                    "id": "qmydSuffix",
                    "name": "当前账号",
                    "val": "1",
                    "type": "number",
                    "desc": "当前抓取ck记录的账号序号，如：1、2、3、"
                },
                {
                    "id": "qmydCount",
                    "name": "账号个数",
                    "val": "1",
                    "type": "number",
                    "desc": "指定任务最多跑几个账号，根据抓取的账号数据个数来设值"
                },
                {
                    "id": "qmydCASH",
                    "name": "提现标准",
                    "val": "0",
                    "type": "number",
                    "desc": "0不提现，可设置 0 0.3 1 10 20 30 100 200 300 888  设置888由上至下循环提现 "
                }
            ],
            "repo": "https://raw.githubusercontent.com/6Svip120apk69/gitee_q8qsTAUA_cThxc1RBVUE/main/Task/qmyd.js",
            "icons": ["https://raw.githubusercontent.com/6Svip120apk69/gitee_q8qsTAUA_cThxc1RBVUE/main/Task/qmyd.png", "https://raw.githubusercontent.com/6Svip120apk69/gitee_q8qsTAUA_cThxc1RBVUE/main/Task/qmyd.png"],
            "script": "https://raw.githubusercontent.com/6Svip120apk69/gitee_q8qsTAUA_cThxc1RBVUE/main/Task/yuedongzu.js"
        }, {
            "id": "shuqi",
            "name": "书旗小说APP",
            "keys": ["shuqiuserurl", "shuqisyurl", "shuqisybody", "shuqispbody", "shuqiscbody", "shuqiydbody", "shuqiqdbody",   "shuqirwbody", "shuqifxbody", "shuqisprwurl", "shuqijlbody", "shuqisqjlbody", "shuqicjyurl", "shuqicjcsbody", "shuqicjbody", "shuqijsspbody", "shuqijsydurl", "shuqijsydbody", "shuqijsqdbody", "shuqijsqdspyurl", "shuqijsqdspbody",   "shuqijsrwbody", "shuqijsfxbody", "shuqijsbookurl", "shuqijsbookbody", "shuqijssprwurl", "shuqiuserurl2", "shuqisyurl2", "shuqisybody2", "shuqispbody2", "shuqiscbody2", "shuqiydbody2", "shuqiqdbody2",   "shuqirwbody2", "shuqifxbody2", "shuqisprwurl2", "shuqijlbody2", "shuqisqjlbody2", "shuqicjyurl2", "shuqicjcsbody2", "shuqicjbody2", "shuqijsspbody2", "shuqijsydurl2", "shuqijsydbody2", "shuqijsqdbody2", "shuqijsqdspyurl2", "shuqijsqdspbody2",   "shuqijsrwbody2", "shuqijsfxbody2", "shuqijsbookurl2", "shuqijsbookbody2", "shuqijssprwurl2", "shuqiuserurl3", "shuqisyurl3", "shuqisybody3", "shuqispbody3", "shuqiscbody3", "shuqiydbody3", "shuqiqdbody3",   "shuqirwbody3", "shuqifxbody3", "shuqisprwurl3", "shuqijlbody3", "shuqisqjlbody3", "shuqicjyurl3", "shuqicjcsbody3", "shuqicjbody3", "shuqijsspbody3", "shuqijsydurl3", "shuqijsydbody3", "shuqijsqdbody3", "shuqijsqdspyurl3", "shuqijsqdspbody3",   "shuqijsrwbody3", "shuqijsfxbody3", "shuqijsbookurl3", "shuqijsbookbody3", "shuqijssprwurl3", "shuqiuserurl4", "shuqisyurl4", "shuqisybody4", "shuqispbody4", "shuqiscbody4", "shuqiydbody4", "shuqiqdbody4",   "shuqirwbody4", "shuqifxbody4", "shuqisprwurl4", "shuqijlbody4", "shuqisqjlbody4", "shuqicjyurl4", "shuqicjcsbody4", "shuqicjbody4", "shuqijsspbody4", "shuqijsydurl4", "shuqijsydbody4", "shuqijsqdbody4", "shuqijsqdspyurl4", "shuqijsqdspbody4",   "shuqijsrwbody4", "shuqijsfxbody4", "shuqijsbookurl4", "shuqijsbookbody4", "shuqijssprwurl4", "shuqiuserurl5", "shuqisyurl5", "shuqisybody5", "shuqispbody5", "shuqiscbody5", "shuqiydbody5", "shuqiqdbody5",   "shuqirwbody5", "shuqifxbody5", "shuqisprwurl5", "shuqijlbody5", "shuqisqjlbody5", "shuqicjyurl5", "shuqicjcsbody5", "shuqicjbody5", "shuqijsspbody5", "shuqijsydurl5", "shuqijsydbody5", "shuqijsqdbody5", "shuqijsqdspyurl5", "shuqijsqdspbody5",   "shuqijsrwbody5", "shuqijsfxbody5", "shuqijsbookurl5", "shuqijsbookbody5", "shuqijssprwurl5", "shuqiuserurl6", "shuqisyurl6", "shuqisybody6", "shuqispbody6", "shuqiscbody6", "shuqiydbody6", "shuqiqdbody6",   "shuqirwbody6", "shuqifxbody6", "shuqisprwurl6", "shuqijlbody6", "shuqisqjlbody6", "shuqicjyurl6", "shuqicjcsbody6", "shuqicjbody6", "shuqijsspbody6", "shuqijsydurl6", "shuqijsydbody6", "shuqijsqdbody6", "shuqijsqdspyurl6", "shuqijsqdspbody6",   "shuqijsrwbody6", "shuqijsfxbody6", "shuqijsbookurl6", "shuqijsbookbody6", "shuqijssprwurl6", "shuqiuserurl7", "shuqisyurl7", "shuqisybody7", "shuqispbody7", "shuqiscbody7", "shuqiydbody7", "shuqiqdbody7",   "shuqirwbody7", "shuqifxbody7", "shuqisprwurl7", "shuqijlbody7", "shuqisqjlbody7", "shuqicjyurl7", "shuqicjcsbody7", "shuqicjbody7", "shuqijsspbody7", "shuqijsydurl7", "shuqijsydbody7", "shuqijsqdbody7", "shuqijsqdspyurl7", "shuqijsqdspbody7",   "shuqijsrwbody7", "shuqijsfxbody7", "shuqijsbookurl7", "shuqijsbookbody7", "shuqijssprwurl7", "shuqiuserurl8", "shuqisyurl8", "shuqisybody8", "shuqispbody8", "shuqiscbody8", "shuqiydbody8", "shuqiqdbody8",   "shuqirwbody8", "shuqifxbody8", "shuqisprwurl8", "shuqijlbody8", "shuqisqjlbody8", "shuqicjyurl8", "shuqicjcsbody8", "shuqicjbody8", "shuqijsspbody8", "shuqijsydurl8", "shuqijsydbody8", "shuqijsqdbody8", "shuqijsqdspyurl8", "shuqijsqdspbody8",   "shuqijsrwbody8", "shuqijsfxbody8", "shuqijsbookurl8", "shuqijsbookbody8", "shuqijssprwurl8", "shuqiuserurl9", "shuqisyurl9", "shuqisybody9", "shuqispbody9", "shuqiscbody9", "shuqiydbody9", "shuqiqdbody9",   "shuqirwbody9", "shuqifxbody9", "shuqisprwurl9", "shuqijlbody9", "shuqisqjlbody9", "shuqicjyurl9", "shuqicjcsbody9", "shuqicjbody9", "shuqijsspbody9", "shuqijsydurl9", "shuqijsydbody9", "shuqijsqdbody9", "shuqijsqdspyurl9", "shuqijsqdspbody9",   "shuqijsrwbody9", "shuqijsfxbody9", "shuqijsbookurl9", "shuqijsbookbody9", "shuqijssprwurl9", "shuqiuserurl10", "shuqisyurl10", "shuqisybody10", "shuqispbody10", "shuqiscbody10", "shuqiydbody10", "shuqiqdbody10",   "shuqirwbody10", "shuqifxbody10", "shuqisprwurl10", "shuqijlbody10", "shuqisqjlbody10",  "shuqicjyurl10", "shuqicjcsbody10", "shuqicjbody10", "shuqijsspbody10", "shuqijsydurl10", "shuqijsydbody10", "shuqijsqdbody10", "shuqijsqdspyurl10", "shuqijsqdspbody10",   "shuqijsrwbody10", "shuqijsfxbody10", "shuqijsbookurl10", "shuqijsbookbody10", "shuqijssprwurl10", "shuqiuserurl11", "shuqisyurl11", "shuqisybody11", "shuqispbody11", "shuqiscbody11", "shuqiydbody11", "shuqiqdbody11",   "shuqirwbody11", "shuqifxbody11", "shuqisprwurl11", "shuqijlbody11", "shuqisqjlbody11",  "shuqicjyurl11", "shuqicjcsbody11", "shuqicjbody11", "shuqijsspbody11", "shuqijsydurl11", "shuqijsydbody11", "shuqijsqdbody11", "shuqijsqdspyurl11", "shuqijsqdspbody11",   "shuqijsrwbody11", "shuqijsfxbody11", "shuqijsbookurl11", "shuqijsbookbody11", "shuqijssprwurl11", "shuqiuserurl12", "shuqisyurl12", "shuqisybody12", "shuqispbody12", "shuqiscbody12", "shuqiydbody12", "shuqiqdbody12",   "shuqirwbody12", "shuqifxbody12", "shuqisprwurl12", "shuqijlbody12", "shuqisqjlbody12",  "shuqicjyurl12", "shuqicjcsbody12", "shuqicjbody12", "shuqijsspbody12", "shuqijsydurl12", "shuqijsydbody12", "shuqijsqdbody12", "shuqijsqdspyurl12", "shuqijsqdspbody12",   "shuqijsrwbody12", "shuqijsfxbody12", "shuqijsbookurl12", "shuqijsbookbody12", "shuqijssprwurl12", "shuqiuserurl13", "shuqisyurl13", "shuqisybody13", "shuqispbody13", "shuqiscbody13", "shuqiydbody13", "shuqiqdbody13",   "shuqirwbody13", "shuqifxbody13", "shuqisprwurl13", "shuqijlbody13", "shuqisqjlbody13",  "shuqicjyurl13", "shuqicjcsbody13", "shuqicjbody13", "shuqijsspbody13", "shuqijsydurl13", "shuqijsydbody13", "shuqijsqdbody13", "shuqijsqdspyurl13", "shuqijsqdspbody13",   "shuqijsrwbody13", "shuqijsfxbody13", "shuqijsbookurl13", "shuqijsbookbody13", "shuqijssprwurl13", "shuqiuserurl14", "shuqisyurl14", "shuqisybody14", "shuqispbody14", "shuqiscbody14", "shuqiydbody14", "shuqiqdbody14",   "shuqirwbody14", "shuqifxbody14", "shuqisprwurl14", "shuqijlbody14", "shuqisqjlbody14",  "shuqicjyurl14", "shuqicjcsbody14", "shuqicjbody14", "shuqijsspbody14", "shuqijsydurl14", "shuqijsydbody14", "shuqijsqdbody14", "shuqijsqdspyurl14", "shuqijsqdspbody14",   "shuqijsrwbody14", "shuqijsfxbody14", "shuqijsbookurl14", "shuqijsbookbody14", "shuqijssprwurl14", "shuqiuserurl15", "shuqisyurl15", "shuqisybody15", "shuqispbody15", "shuqiscbody15", "shuqiydbody15", "shuqiqdbody15",   "shuqirwbody15", "shuqifxbody15", "shuqisprwurl15", "shuqijlbody15", "shuqisqjlbody15",  "shuqicjyurl15", "shuqicjcsbody15", "shuqicjbody15", "shuqijsspbody15", "shuqijsydurl15", "shuqijsydbody15", "shuqijsqdbody15", "shuqijsqdspyurl15", "shuqijsqdspbody15",   "shuqijsrwbody15", "shuqijsfxbody15", "shuqijsbookurl15", "shuqijsbookbody15", "shuqijssprwurl15", "shuqiuserurl16", "shuqisyurl16", "shuqisybody16", "shuqispbody16", "shuqiscbody16", "shuqiydbody16", "shuqiqdbody16", "shuqirwbody16", "shuqifxbody16", "shuqisprwurl16", "shuqijlbody16", "shuqisqjlbody16", "shuqicjyurl16", "shuqicjcsbody16", "shuqicjbody16", "shuqijsspbody16", "shuqijsydurl16", "shuqijsydbody16", "shuqijsqdbody16", "shuqijsqdspyurl16", "shuqijsqdspbody16", "shuqijsrwbody16", "shuqijsfxbody16", "shuqijsbookurl16", "shuqijsbookbody16", "shuqijssprwurl16", "shuqiuserurl17", "shuqisyurl17", "shuqisybody17", "shuqispbody17", "shuqiscbody17", "shuqiydbody17", "shuqiqdbody17", "shuqirwbody17", "shuqifxbody17", "shuqisprwurl17", "shuqijlbody17", "shuqisqjlbody17", "shuqicjyurl17", "shuqicjcsbody17", "shuqicjbody17", "shuqijsspbody17", "shuqijsydurl17", "shuqijsydbody17", "shuqijsqdbody17", "shuqijsqdspyurl17", "shuqijsqdspbody17", "shuqijsrwbody17", "shuqijsfxbody17", "shuqijsbookurl17", "shuqijsbookbody17", "shuqijssprwurl17", "shuqiuserurl18", "shuqisyurl18", "shuqisybody18", "shuqispbody18", "shuqiscbody18", "shuqiydbody18", "shuqiqdbody18", "shuqirwbody18", "shuqifxbody18", "shuqisprwurl18", "shuqijlbody18", "shuqisqjlbody18", "shuqicjyurl18", "shuqicjcsbody18", "shuqicjbody18", "shuqijsspbody18", "shuqijsydurl18", "shuqijsydbody18", "shuqijsqdbody18", "shuqijsqdspyurl18", "shuqijsqdspbody18", "shuqijsrwbody18", "shuqijsfxbody18", "shuqijsbookurl18", "shuqijsbookbody18", "shuqijssprwurl18", "shuqiuserurl19", "shuqisyurl19", "shuqisybody19", "shuqispbody19", "shuqiscbody19", "shuqiydbody19", "shuqiqdbody19", "shuqirwbody19", "shuqifxbody19", "shuqisprwurl19", "shuqijlbody19", "shuqisqjlbody19", "shuqicjyurl19", "shuqicjcsbody19", "shuqicjbody19", "shuqijsspbody19", "shuqijsydurl19", "shuqijsydbody19", "shuqijsqdbody19", "shuqijsqdspyurl19", "shuqijsqdspbody19", "shuqijsrwbody19", "shuqijsfxbody19", "shuqijsbookurl19", "shuqijsbookbody19", "shuqijssprwurl19", "shuqiuserurl20", "shuqisyurl20", "shuqisybody20", "shuqispbody20", "shuqiscbody20", "shuqiydbody20", "shuqiqdbody20", "shuqirwbody20", "shuqifxbody20", "shuqisprwurl20", "shuqijlbody20", "shuqisqjlbody20", "shuqicjyurl20", "shuqicjcsbody20", "shuqicjbody20", "shuqijsspbody20", "shuqijsydurl20", "shuqijsydbody20", "shuqijsqdbody20", "shuqijsqdspyurl20", "shuqijsqdspbody20", "shuqijsrwbody20", "shuqijsfxbody20", "shuqijsbookurl20", "shuqijsbookbody20", "shuqijssprwurl20"],
            "author": "@ziye",
            "settings": [{
                    "id": "shuqiSuffix",
                    "name": "当前账号",
                    "val": "1",
                    "type": "number",
                    "desc": "当前抓取ck记录的账号序号，如：1、2、3、"
                },
                {
                    "id": "shuqiCount",
                    "name": "账号个数",
                    "val": "1",
                    "type": "number",
                    "desc": "指定任务最多跑几个账号，根据抓取的账号数据个数来设值"
                },
                {
                    "id": "shuqiXH",
                    "name": "循环获取CK",
                    "val": "0",
                    "type": "number",
                    "desc": "0关闭 1开启,默认关闭"
                }
            ],
            "repo": "https://raw.githubusercontent.com/6Svip120apk69/gitee_q8qsTAUA_cThxc1RBVUE/main/Task/shuqi.js",
            "icons": ["https://raw.githubusercontent.com/6Svip120apk69/gitee_q8qsTAUA_cThxc1RBVUE/main/Task/shuqi.png", "https://raw.githubusercontent.com/6Svip120apk69/gitee_q8qsTAUA_cThxc1RBVUE/main/Task/shuqi.png"],
            "script": "https://raw.githubusercontent.com/6Svip120apk69/gitee_q8qsTAUA_cThxc1RBVUE/main/Task/yuedongzu.js"
        }
    ]
}
