
{
    "name": "ZIYE-task订阅",
    "description": "TG频道地址:https://t.me/ziyescript",
    "task": [{
            "config": "2 */30 * * * * https:\/\/raw.githubusercontent.com\/6Svip120apk69\/gitee_q8qsTAUA_cThxc1RBVUE\/main\/Task\/qczjspeed.js, img-url=https:\/\/raw.githubusercontent.com\/6Svip120apk69\/gitee_q8qsTAUA_cThxc1RBVUE\/master\/Task\/qczjspeed.png, tag=汽车之家极速版, enabled=false",
        }, {
            "config": "0 0 0 1 1 * https:\/\/raw.githubusercontent.com\/6Svip120apk69\/gitee_q8qsTAUA_cThxc1RBVUE\/main\/Task\/ziye-qczjspeed-header..txt, img-url=https:\/\/raw.githubusercontent.com\/6Svip120apk69\/gitee_q8qsTAUA_cThxc1RBVUE\/master\/Task\/qczjspeed.png, tag=汽车之家极速版获取header, enabled=false",
            "addons": "https:\/\/raw.githubusercontent.com\/6Svip120apk69\/gitee_q8qsTAUA_cThxc1RBVUE\/main\/Task\/ziye-qczjspeed-header.txt, tag=汽车之家极速版获取header, update-interval=86400, opt-parser=false, enabled=false",
        }, {
            "config": "0 0 0 1 1 * https:\/\/raw.githubusercontent.com\/6Svip120apk69\/gitee_q8qsTAUA_cThxc1RBVUE\/main\/Task\/ziye-qczjspeed-body1.txt, img-url=https:\/\/raw.githubusercontent.com\/6Svip120apk69\/gitee_q8qsTAUA_cThxc1RBVUE\/master\/Task\/qczjspeed.png, tag=汽车之家极速版获取body, enabled=false",
            "addons": "https:\/\/raw.githubusercontent.com\/6Svip120apk69\/gitee_q8qsTAUA_cThxc1RBVUE\/main\/Task\/ziye-qczjspeed-body1.txt, tag=汽车之家极速版获取body, update-interval=86400, opt-parser=false, enabled=false",
        }, {
            "config": "0 0 0 1 1 * https:\/\/raw.githubusercontent.com\/6Svip120apk69\/gitee_q8qsTAUA_cThxc1RBVUE\/main\/Task\/ziye-qczjspeed-body2.txt, img-url=https:\/\/raw.githubusercontent.com\/6Svip120apk69\/gitee_q8qsTAUA_cThxc1RBVUE\/master\/Task\/qczjspeed.png, tag=汽车之家极速版获取时段body, enabled=false",
            "addons": "https:\/\/raw.githubusercontent.com\/6Svip120apk69\/gitee_q8qsTAUA_cThxc1RBVUE\/main\/Task\/ziye-qczjspeed-body2.txt, tag=汽车之家极速版获取时段body, update-interval=86400, opt-parser=false, enabled=false",
        },




        {
            "config": "50 7 8-23 * * * https:\/\/raw.githubusercontent.com\/6Svip120apk69\/gitee_q8qsTAUA_cThxc1RBVUE\/main\/Task\/xiaole.js, img-url=https:\/\/raw.githubusercontent.com\/6Svip120apk69\/gitee_q8qsTAUA_cThxc1RBVUE\/master\/Task\/xiaole.png, tag=小乐, enabled=false",
        },{
            "config": "0 0 0 1 1 * https:\/\/raw.githubusercontent.com\/6Svip120apk69\/gitee_q8qsTAUA_cThxc1RBVUE\/main\/Task\/ziye-xiaole-header.txt, img-url=https:\/\/raw.githubusercontent.com\/6Svip120apk69\/gitee_q8qsTAUA_cThxc1RBVUE\/master\/Task\/xiaole.png, tag=小乐获取header, enabled=false",
            "addons": "https:\/\/raw.githubusercontent.com\/6Svip120apk69\/gitee_q8qsTAUA_cThxc1RBVUE\/main\/Task\/ziye-xiaole-header.txt, tag=小乐获取header, update-interval=86400, opt-parser=false, enabled=false",
        },

        


        {
            "config": "19 */30 8-23 * * * https:\/\/raw.githubusercontent.com\/6Svip120apk69\/gitee_q8qsTAUA_cThxc1RBVUE\/main\/Task\/iboxpay.js, img-url=https:\/\/raw.githubusercontent.com\/6Svip120apk69\/gitee_q8qsTAUA_cThxc1RBVUE\/master\/Task\/iboxpay.png, tag=笑谱, enabled=false",
        }, {
            "config": "0 0 0 1 1 * https:\/\/raw.githubusercontent.com\/6Svip120apk69\/gitee_q8qsTAUA_cThxc1RBVUE\/main\/Task\/ziye-iboxpay-body.txt, img-url=https:\/\/raw.githubusercontent.com\/6Svip120apk69\/gitee_q8qsTAUA_cThxc1RBVUE\/master\/Task\/iboxpay.png, tag=笑谱获取token, enabled=false",
            "addons": "https:\/\/raw.githubusercontent.com\/6Svip120apk69\/gitee_q8qsTAUA_cThxc1RBVUE\/main\/Task\/ziye-iboxpay-body.txt, tag=笑谱获取token, update-interval=86400, opt-parser=false, enabled=false",
        },{
            "config": "0 0 0 1 1 * https:\/\/raw.githubusercontent.com\/6Svip120apk69\/gitee_q8qsTAUA_cThxc1RBVUE\/main\/Task\/ziye-iboxpay-body2.txt, img-url=https:\/\/raw.githubusercontent.com\/6Svip120apk69\/gitee_q8qsTAUA_cThxc1RBVUE\/master\/Task\/iboxpay.png, tag=笑谱获取视频ck, enabled=false",
            "addons": "https:\/\/raw.githubusercontent.com\/6Svip120apk69\/gitee_q8qsTAUA_cThxc1RBVUE\/main\/Task\/ziye-iboxpay-body2.txt, tag=笑谱获取视频ck, update-interval=86400, opt-parser=false, enabled=false",
        },
        
        


        {
            "config": "16 0 7,10,23 * * * https:\/\/raw.githubusercontent.com\/6Svip120apk69\/gitee_q8qsTAUA_cThxc1RBVUE\/main\/Task\/flw.js, img-url=https:\/\/raw.githubusercontent.com\/6Svip120apk69\/gitee_q8qsTAUA_cThxc1RBVUE\/master\/Task\/flw.png, tag=返利网, enabled=false",
        }, {
            "config": "0 0 0 1 1 * https:\/\/raw.githubusercontent.com\/6Svip120apk69\/gitee_q8qsTAUA_cThxc1RBVUE\/main\/Task\/ziye-flw-header.txt, img-url=https:\/\/raw.githubusercontent.com\/6Svip120apk69\/gitee_q8qsTAUA_cThxc1RBVUE\/master\/Task\/flw.png, tag=返利网获取header, enabled=false",
            "addons": "https:\/\/raw.githubusercontent.com\/6Svip120apk69\/gitee_q8qsTAUA_cThxc1RBVUE\/main\/Task\/ziye-flw-header.txt, tag=返利网获取header, update-interval=86400, opt-parser=false, enabled=false",
        }, {
            "config": "0 0 0 1 1 * https:\/\/raw.githubusercontent.com\/6Svip120apk69\/gitee_q8qsTAUA_cThxc1RBVUE\/main\/Task\/ziye-flw-body.txt, img-url=https:\/\/raw.githubusercontent.com\/6Svip120apk69\/gitee_q8qsTAUA_cThxc1RBVUE\/master\/Task\/flw.png, tag=返利网获取body, enabled=false",
            "addons": "https:\/\/raw.githubusercontent.com\/6Svip120apk69\/gitee_q8qsTAUA_cThxc1RBVUE\/main\/Task\/ziye-flw-body.txt, tag=返利网获取body, update-interval=86400, opt-parser=false, enabled=false",
        },
        
        


        {
            "config": "1 */5 * * * * https:\/\/raw.githubusercontent.com\/6Svip120apk69\/gitee_q8qsTAUA_cThxc1RBVUE\/main\/Task\/githubAC.js, img-url=https:\/\/raw.githubusercontent.com\/6Svip120apk69\/gitee_q8qsTAUA_cThxc1RBVUE\/master\/Task\/githubAC.png, tag=githubAC, enabled=false",
        }, {
            "config": "0 0 0 1 1 * https:\/\/raw.githubusercontent.com\/6Svip120apk69\/gitee_q8qsTAUA_cThxc1RBVUE\/main\/Task\/ziye-githubAC-body.txt, img-url=https:\/\/raw.githubusercontent.com\/6Svip120apk69\/gitee_q8qsTAUA_cThxc1RBVUE\/master\/Task\/githubAC.png, tag=githubAC获取body, enabled=false",
            "addons": "https:\/\/raw.githubusercontent.com\/6Svip120apk69\/gitee_q8qsTAUA_cThxc1RBVUE\/main\/Task\/ziye-githubAC-body.txt, tag=githubAC获取body, update-interval=86400, opt-parser=false, enabled=false",
        },
        
        


        {
            "config": "1 */30 * * * * https:\/\/raw.githubusercontent.com\/6Svip120apk69\/gitee_q8qsTAUA_cThxc1RBVUE\/main\/Task\/zhima.js, img-url=https:\/\/raw.githubusercontent.com\/6Svip120apk69\/gitee_q8qsTAUA_cThxc1RBVUE\/master\/Task\/zhima.png, tag=芝嫲, enabled=false",
        }, {
            "config": "0 0 0 1 1 * https:\/\/raw.githubusercontent.com\/6Svip120apk69\/gitee_q8qsTAUA_cThxc1RBVUE\/main\/Task\/ziye-zhima-body.txt, img-url=https:\/\/raw.githubusercontent.com\/6Svip120apk69\/gitee_q8qsTAUA_cThxc1RBVUE\/master\/Task\/zhima.png, tag=芝嫲获取body, enabled=false",
            "addons": "https:\/\/raw.githubusercontent.com\/6Svip120apk69\/gitee_q8qsTAUA_cThxc1RBVUE\/main\/Task\/ziye-zhima-body.txt, tag=芝嫲获取body, update-interval=86400, opt-parser=false, enabled=false",
        },
        
        


        {
            "config": "2 5 * * * * https:\/\/raw.githubusercontent.com\/6Svip120apk69\/gitee_q8qsTAUA_cThxc1RBVUE\/main\/Task\/QQread.js, img-url=https:\/\/raw.githubusercontent.com\/6Svip120apk69\/gitee_q8qsTAUA_cThxc1RBVUE\/master\/Task\/QQread.png, tag=QQ阅读, enabled=false",
        }, {
            "config": "0 0 0 1 1 * https:\/\/raw.githubusercontent.com\/6Svip120apk69\/gitee_q8qsTAUA_cThxc1RBVUE\/main\/Task\/ziye-QQread-url.txt, img-url=https:\/\/raw.githubusercontent.com\/6Svip120apk69\/gitee_q8qsTAUA_cThxc1RBVUE\/master\/Task\/QQread.png, tag=QQ阅读获取url, enabled=false",
            "addons": "https:\/\/raw.githubusercontent.com\/6Svip120apk69\/gitee_q8qsTAUA_cThxc1RBVUE\/main\/Task\/ziye-QQread-url.txt, tag=QQ阅读获取url, update-interval=86400, opt-parser=false, enabled=false",
        },
        
        


        {
            "config": "7 */30 * * * * https:\/\/raw.githubusercontent.com\/6Svip120apk69\/gitee_q8qsTAUA_cThxc1RBVUE\/main\/Task\/bububao.js, img-url=https:\/\/raw.githubusercontent.com\/6Svip120apk69\/gitee_q8qsTAUA_cThxc1RBVUE\/master\/Task\/bububao.png, tag=步步宝, enabled=false",
        }, {
            "config": "0 0 0 1 1 * https:\/\/raw.githubusercontent.com\/6Svip120apk69\/gitee_q8qsTAUA_cThxc1RBVUE\/main\/Task\/ziye-bububao-header.txt, img-url=https:\/\/raw.githubusercontent.com\/6Svip120apk69\/gitee_q8qsTAUA_cThxc1RBVUE\/master\/Task\/bububao.png, tag=步步宝获取header, enabled=false",
            "addons": "https:\/\/raw.githubusercontent.com\/6Svip120apk69\/gitee_q8qsTAUA_cThxc1RBVUE\/main\/Task\/ziye-bububao-header.txt, tag=步步宝获取header, update-interval=86400, opt-parser=false, enabled=false",
        },
        
        


        {
            "config": "9 */30 * * * * https:\/\/raw.githubusercontent.com\/6Svip120apk69\/gitee_q8qsTAUA_cThxc1RBVUE\/main\/Task\/yuedongzu.js, img-url=https:\/\/raw.githubusercontent.com\/6Svip120apk69\/gitee_q8qsTAUA_cThxc1RBVUE\/master\/Task\/yuedongzu.png, tag=悦动族, enabled=false",
        }, {
            "config": "0 0 0 1 1 * https:\/\/raw.githubusercontent.com\/6Svip120apk69\/gitee_q8qsTAUA_cThxc1RBVUE\/main\/Task\/ziye-yuedongzu-header.txt, img-url=https:\/\/raw.githubusercontent.com\/6Svip120apk69\/gitee_q8qsTAUA_cThxc1RBVUE\/master\/Task\/yuedongzu.png, tag=悦动族获取header, enabled=false",
            "addons": "https:\/\/raw.githubusercontent.com\/6Svip120apk69\/gitee_q8qsTAUA_cThxc1RBVUE\/main\/Task\/ziye-yuedongzu-header.txt, tag=悦动族获取header, update-interval=86400, opt-parser=false, enabled=false",
        },
        
        


        {
            "config": "11 */30 * * * * https:\/\/raw.githubusercontent.com\/6Svip120apk69\/gitee_q8qsTAUA_cThxc1RBVUE\/main\/Task\/qmyd.js, img-url=https:\/\/raw.githubusercontent.com\/6Svip120apk69\/gitee_q8qsTAUA_cThxc1RBVUE\/master\/Task\/qmyd.png, tag=全民悦动, enabled=false",
        }, {
            "config": "0 0 0 1 1 * https:\/\/raw.githubusercontent.com\/6Svip120apk69\/gitee_q8qsTAUA_cThxc1RBVUE\/main\/Task\/ziye-qmyd-header.txt, img-url=https:\/\/raw.githubusercontent.com\/6Svip120apk69\/gitee_q8qsTAUA_cThxc1RBVUE\/master\/Task\/qmyd.png, tag=全民悦动获取header, enabled=false",
            "addons": "https:\/\/raw.githubusercontent.com\/6Svip120apk69\/gitee_q8qsTAUA_cThxc1RBVUE\/main\/Task\/ziye-qmyd-header.txt, tag=全民悦动获取header, update-interval=86400, opt-parser=false, enabled=false",
        },
        
        


        {
            "config": "6 6 * * * * https:\/\/raw.githubusercontent.com\/6Svip120apk69\/gitee_q8qsTAUA_cThxc1RBVUE\/main\/Task\/shuqi.js, img-url=https:\/\/raw.githubusercontent.com\/6Svip120apk69\/gitee_q8qsTAUA_cThxc1RBVUE\/master\/Task\/shuqi.png, tag=书旗小说, enabled=false",
        }, {
            "config": "0 0 0 1 1 * https:\/\/raw.githubusercontent.com\/6Svip120apk69\/gitee_q8qsTAUA_cThxc1RBVUE\/main\/Task\/ziye-shuqi-header1.txt, img-url=https:\/\/raw.githubusercontent.com\/6Svip120apk69\/gitee_q8qsTAUA_cThxc1RBVUE\/master\/Task\/shuqi.png, tag=书旗小说获取header, enabled=false",
            "addons": "https:\/\/raw.githubusercontent.com\/6Svip120apk69\/gitee_q8qsTAUA_cThxc1RBVUE\/main\/Task\/ziye-shuqi-header1.txt, tag=书旗小说获取header, update-interval=86400, opt-parser=false, enabled=false",
        }, {
            "config": "0 0 0 1 1 * https:\/\/raw.githubusercontent.com\/6Svip120apk69\/gitee_q8qsTAUA_cThxc1RBVUE\/main\/Task\/ziye-shuqi-header2.txt, img-url=https:\/\/raw.githubusercontent.com\/6Svip120apk69\/gitee_q8qsTAUA_cThxc1RBVUE\/master\/Task\/shuqi.png, tag=书旗小说获取极速版书城header, enabled=false",
            "addons": "https:\/\/raw.githubusercontent.com\/6Svip120apk69\/gitee_q8qsTAUA_cThxc1RBVUE\/main\/Task\/ziye-shuqi-header2.txt, tag=书旗小说获取极速版书城header, update-interval=86400, opt-parser=false, enabled=false",
        }, {
            "config": "0 0 0 1 1 * https:\/\/raw.githubusercontent.com\/6Svip120apk69\/gitee_q8qsTAUA_cThxc1RBVUE\/main\/Task\/ziye-shuqi-body1.txt, img-url=https:\/\/raw.githubusercontent.com\/6Svip120apk69\/gitee_q8qsTAUA_cThxc1RBVUE\/master\/Task\/shuqi.png, tag=书旗小说获取body, enabled=false",
            "addons": "https:\/\/raw.githubusercontent.com\/6Svip120apk69\/gitee_q8qsTAUA_cThxc1RBVUE\/main\/Task\/ziye-shuqi-body1.txt, tag=书旗小说获取body, update-interval=86400, opt-parser=false, enabled=false",
        }, {
            "config": "0 0 0 1 1 * https:\/\/raw.githubusercontent.com\/6Svip120apk69\/gitee_q8qsTAUA_cThxc1RBVUE\/main\/Task\/ziye-shuqi-body2.txt, img-url=https:\/\/raw.githubusercontent.com\/6Svip120apk69\/gitee_q8qsTAUA_cThxc1RBVUE\/master\/Task\/shuqi.png, tag=书旗小说获取任务-收益body, enabled=false",
            "addons": "https:\/\/raw.githubusercontent.com\/6Svip120apk69\/gitee_q8qsTAUA_cThxc1RBVUE\/main\/Task\/ziye-shuqi-body2.txt, tag=书旗小说获取任务-收益body, update-interval=86400, opt-parser=false, enabled=false",
        }, {
            "config": "0 0 0 1 1 * https:\/\/raw.githubusercontent.com\/6Svip120apk69\/gitee_q8qsTAUA_cThxc1RBVUE\/main\/Task\/ziye-shuqi-body3.txt, img-url=https:\/\/raw.githubusercontent.com\/6Svip120apk69\/gitee_q8qsTAUA_cThxc1RBVUE\/master\/Task\/shuqi.png, tag=书旗小说获取时长body, enabled=false",
            "addons": "https:\/\/raw.githubusercontent.com\/6Svip120apk69\/gitee_q8qsTAUA_cThxc1RBVUE\/main\/Task\/ziye-shuqi-body3.txt, tag=书旗小说获取时长body, update-interval=86400, opt-parser=false, enabled=false",
        }
    ],
}